Algorithms,Parameters,Value
SVM,Precision,93.27731092436974
SVM,Recall,78.94736842105263
SVM,F1 Score,83.06306306306305
SVM,Accuracy,88.65248226950354
SVM,Sensitivity,100.0
SVM,Specificity,57.89473684210527
KNN,Precision,84.52380952380952
KNN,Recall,72.22789984670413
KNN,F1 Score,75.35152390362545
KNN,Accuracy,83.68794326241135
KNN,Sensitivity,97.0873786407767
KNN,Specificity,47.368421052631575
Naive Bayes,Precision,93.40120663650076
Naive Bayes,Recall,94.11088400613184
Naive Bayes,F1 Score,93.74722838137473
Naive Bayes,Accuracy,95.0354609929078
Naive Bayes,Sensitivity,96.11650485436894
Naive Bayes,Specificity,92.10526315789474
Logistic Regression,Precision,93.34702907711757
Logistic Regression,Recall,85.0408788962698
Logistic Regression,F1 Score,88.13131313131312
Logistic Regression,Accuracy,91.48936170212765
Logistic Regression,Sensitivity,99.02912621359224
Logistic Regression,Specificity,71.05263157894737
ANN,Precision,94.25508521165476
ANN,Recall,91.13438937148698
ANN,F1 Score,92.53968253968254
ANN,Accuracy,94.32624113475178
ANN,Sensitivity,98.05825242718447
ANN,Specificity,84.21052631578947
CNN,Precision,96.81818181818183
CNN,Recall,90.78947368421053
CNN,F1 Score,93.28434374362115
CNN,Accuracy,95.0354609929078
CNN,Sensitivity,100.0
CNN,Specificity,81.57894736842105
